Language,Title,Short description,Full description
th,SmartSaver: เปรียบเทียบราคา,เปรียบเทียบราคาสินค้าต่อหน่วย หาตัวคุ้มสุด และหารส่วนลดตามสัดส่วนจริง,"SmartSaver คือผู้ช่วยช้อปปิ้งอัจฉริยะที่จะช่วยให้คุณประหยัดเงินได้จริงทุกครั้งที่ไปจ่ายตลาดหรือซื้อของเข้าบ้าน!

เคยสงสัยไหมว่า ระหว่างน้ำยาซักผ้าขวดใหญ่ 1.5 ลิตร ราคา 189 บาท กับถุงเติม 600 มล. 3 ถุง ราคา 210 บาท อันไหนคุ้มกว่ากัน? หรือเวลาได้คูปองส่วนลด 150 บาทจากบิลรวม จะหารค่าน้ำยาหรือสินค้าแต่ละชิ้นยังไงให้ยุติธรรมที่สุด? SmartSaver มีคำตอบให้คุณในไม่กี่วินาที!

✨ ฟังก์ชันเด่น (Key Features):

1. 🏆 เปรียบเทียบราคาสินค้าต่อหน่วย (Price Comparison)
• กรอกราคาและปริมาณของแต่ละสินค้า ระบบจะคำนวณราคาต่อ 1 หน่วยให้ทันทีแบบเรียลไทม์
• ไฮไลต์สินค้าที่คุ้มค่าที่สุด (Best Value) อัตโนมัติ พร้อมบอกเปอร์เซ็นต์ส่วนต่างที่คุณประหยัดได้
• สรุปผลชัดเจน ตัดสินใจซื้อได้อย่างมั่นใจ ไม่โดนกลยุทธ์การตลาดหลอก

2. 🏷️ คำนวณแบ่งสัดส่วนส่วนลดจริง (Pro-Rata Discount Allocation)
• กรอกราคาเต็มของสินค้าแต่ละชิ้น และยอดสุทธิที่จ่ายจริงหลังหักส่วนลด
• ระบบจะช่วยกระจายส่วนลดตามสัดส่วนจริง (Pro-rata) ให้อย่างแม่นยำและยุติธรรม
• เหมาะอย่างยิ่งสำหรับการหารบิลกับเพื่อน ซื้อของมาแชร์กัน หรือเช็กต้นทุนสินค้าจริง

3. 💎 ดีไซน์ Liquid Glass สไตล์พรีเมียม
• อินเทอร์เฟซกระจกเหลว เรียบหรู ทันสมัย สบายตา ใช้งานง่ายด้วยมือเดียว
• รองรับทั้ง โหมดสว่าง (Light Mode) และ โหมดมืด (Dark Mode) ตามการตั้งค่าเครื่อง

4. 🌐 รองรับ 13 ภาษาทั่วโลก
• รองรับภาษาไทย, อังกฤษ, ลาว, จีน, ญี่ปุ่น, เกาหลี, สเปน, ฝรั่งเศส, เยอรมัน, โปรตุเกส, อินโดนีเซีย, ฮินดี และอาหรับ

5. ⚡ ใช้งานออฟไลน์ได้ 100%
• รวดเร็ว เปิดปุ๊บคำนวณได้ทันที ไม่ต้องต่ออินเทอร์เน็ต ปลอดภัย ไม่เก็บข้อมูลส่วนตัวใดๆ

ดาวน์โหลด SmartSaver วันนี้ แล้วเปลี่ยนทุกการช้อปปิ้งให้ฉลาดและคุ้มค่าที่สุด! 💡"
en-US,SmartSaver: Price Compare,"Compare unit prices, find best deals, and calculate pro-rata discounts easily.","SmartSaver is your ultimate shopping companion that helps you make smarter buying decisions and save money every single day!

Ever stood in the grocery aisle wondering whether the 1.5L bulk bottle or the 3-pack 600ml refill is the better deal? Or bought items with a $15 discount coupon and struggled to figure out how much each item actually cost after the discount? SmartSaver solves both in seconds!

✨ Key Features:

1. 🏆 Real-Time Unit Price Comparison
• Enter the price and quantity/weight for each item.
• The app instantly calculates the unit price and automatically highlights the Cheapest / Best Value item.
• Displays the exact percentage you save compared to other options.

2. 🏷️ Fair Pro-Rata Discount Allocation
• Enter the original price of each item and the final total paid.
• The app splits the discount fairly and proportionally across all items.
• Perfect for splitting bills with roommates, group shopping, or bookkeeping true item costs.

3. 💎 Liquid Glass Ergonomic Design
• Stunning, modern frosted-glass interface that is easy on the eyes.
• Seamless One-Handed UI optimized for quick in-store shopping.
• Full Dark Mode & Light Mode support matching your device settings.

4. 🌐 Multilingual Support (13 Languages)
• Supports English, Thai, Lao, Chinese, Japanese, Korean, Spanish, French, German, Portuguese, Indonesian, Hindi, and Arabic.

5. ⚡ 100% Offline & Private
• Works instantly without an internet connection.
• No account required, no tracking, and 100% respectful of your privacy.

Download SmartSaver today and never overpay at the store again! 💡"
lo-LA,SmartSaver: ສົມທຽບລາຄາ,ສົມທຽບລາຄາຕໍ່ໜ່ວຍ ຫາສິນຄ້າທີ່ຄຸ້ມສຸດ ແລະ ຄິດໄລ່ສ່ວນຫຼຸດຕາມສັດສ່ວນ,"SmartSaver ແມ່ນແອັບຜູ້ຊ່ວຍຊື້ເຄື່ອງອັດສະລິຍະ ທີ່ຈະຊ່ວຍໃຫ້ທ່ານປະຢັດເງິນທຸກຄັ້ງທີ່ໄປຊື້ເຄື່ອງ!

ເຄີຍສົງໄສບໍ່ວ່າ ສິນຄ້າຂະໜາດໃຫຍ່ ຫຼື ຊຸດແພັກເຕີມ ອັນໃດຈະຄຸ້ມຄ່າກວ່າກັນ? ຫຼື ເມື່ອໄດ້ຮັບສ່ວນຫຼຸດຈາກໃບບິນລວມ ຈະແບ່ງປັນສ່ວນຫຼຸດໃຫ້ແຕ່ລະສິນຄ້າແນວໃດໃຫ້ຍຸຕິທຳທີ່ສຸດ? SmartSaver ຊ່ວຍທ່ານໄດ້ພາຍໃນບໍ່ເທົ່າໃດວິນາທີ!

✨ ຟັງຊັນເດັ່ນ:

1. 🏆 ສົມທຽບລາຄາສິນຄ້າຕໍ່ໜ່ວຍ
• ປ້ອນລາຄາ ແລະ ປະລິມານຂອງສິນຄ້າແຕ່ລະອັນ.
• ລະບົບຈະຄິດໄລ່ລາຄາຕໍ່ໜ່ວຍ ແລະ ໄຮໄລ້ສິນຄ້າທີ່ຖືກທີ່ສຸດ ແລະ ຄຸ້ມຄ່າທີ່ສຸດໃຫ້ໂດຍອັດຕະໂນມັດ.
• ສະແດງເປີເຊັນສ່ວນຕ່າງທີ່ທ່ານປະຢັດໄດ້ຢ່າງຊັດເຈນ.

2. 🏷️ ຄິດໄລ່ແບ່ງສັດສ່ວນສ່ວນຫຼຸດຕົວຈິງ (Pro-Rata)
• ປ້ອນລາຄາເຕັມຂອງແຕ່ລະລາຍການ ແລະ ຍອດເງິນຕົວຈິງທີ່ຈ່າຍ.
• ແອັບຈະຊ່ວຍແບ່ງປັນສ່ວນຫຼຸດຕາມສັດສ່ວນຕົວຈິງຢ່າງຖືກຕ້ອງ ແລະ ຍຸຕິທຳ.
• ເໝາະສຳລັບການຫານບິນກັບໝູ່ເພື່ອນ ຫຼື ແບ່ງປັນຄ່າໃຊ້ຈ່າຍ.

3. 💎 ດີໄຊន៍ Liquid Glass ສວຍງາມ
• ໜ້າຕາແອັບແບບກະຈົກໃສ ທັນສະໄໝ ໃຊ້ງານງ່າຍດ້ວຍມືດຽວ.
• ຮອງຮັບທັງໂໝດມືດ (Dark Mode) ແລະ ໂໝດສະຫວ່າງ (Light Mode).

4. 🌐 ຮອງຮັບ 13 ພາສາທົ່ວໂລກ
• ຮອງຮັບພາສາລາວ, ໄທ, ອັງກິດ, ຈີນ, ຍີ່ປຸ່ນ, ເກົາຫຼີ ແລະ ອື່ນໆ.

5. ⚡ ໃຊ້ງານອອບລາຍໄດ້ 100%
• ເຮັດວຽກໄດ້ທັນທີໂດຍບໍ່ຕ້ອງເຊື່ອມຕໍ່ອິນເຕີເນັດ ແລະ ປອດໄພ.

ດາວໂຫຼດ SmartSaver ມື້ນີ້ ເພື່ອການຊື້ເຄື່ອງທີ່ສະຫຼາດ ແລະ ຄຸ້ມຄ່າທີ່ສຸດ! 💡"
zh-CN,SmartSaver: 比价与折扣计算器,商品单价对比，自动高亮最划算选项，按比例精准均摊折扣。,"SmartSaver 是您不可或缺的智能购物与省钱助手，助您在每一次购物中做出最明智的消费决策！

去超市面对大包装与小包装促销，到底哪种更划算？结账时使用了满减券，如何按比例公平计算每件商品的真实实付价格？SmartSaver 几秒钟为您揭晓答案！

✨ 核心功能：

1. 🏆 实时单价智能比价
• 输入各件商品的售价与净含量/数量。
• 系统瞬间计算单位价格，自动高亮标记性价比最高、最便宜的商品。
• 直观显示相比其他选项为您节省的平均百分比。

2. 🏷️ 优惠折扣按比例精准均摊
• 输入每件商品的原价以及最终实付总金额。
• 算法自动根据各商品金额权重，精准且公平地均摊总折扣。
• 拼单分账、合买结算或个人记账的必备利器。

3. 💎 iOS 风格 Liquid Glass 现代美学
• 采用通透质感的液态玻璃拟态设计，视觉细腻舒适。
• 针对单手握持操作优化，超市选购更轻松。
• 完美支持深色模式 (Dark Mode) 与浅色模式。

4. 🌐 支持 13 种主流语言
• 支持简体中文、英语、泰语、老挝语、日语、韩语、西班牙语、法语、德语、葡萄牙语等。

5. ⚡ 100% 离线使用与隐私保护
• 无需联网，秒开即用。零广告干扰，无任何个人数据收集，安全放心。

立即下载 SmartSaver，开启聪明消费新体验！💡"
ja-JP,SmartSaver: 価格比較と割引計算,商品単価を比較して最安値を自動判定。割り勘や按分割引も瞬時に計算！,"SmartSaver（スマートセーバー）は、お買い物の無駄をなくし、賢く節約できるスマート価格計算アシスタントです！

スーパーやドラッグストアで「大容量パックと詰め替え用、結局どっちがお得？」と迷ったことはありませんか？また、割引クーポンを使ったとき、商品ごとの実質支払額を按分計算したいと思ったことはありませんか？SmartSaverが瞬時に解決します！

✨ 主な機能：

1. 🏆 リアルタイム単価比較・最安値判定
• 各商品の価格と内容量（グラム・ミリリットル・個数など）を入力するだけ。
• 単価を自動計算し、最もお得な最安値商品をエメラルドグリーンでハイライト表示！
• 他の選択肢と比べて何パーセントお得かもひと目でわかります。

2. 🏷️ 割引・クーポンの按分計算（プロラタ方式）
• 各商品の定価と、割引適用後の実際の合計支払額を入力。
• 各商品に割引を公平な比率で自動分配し、それぞれの実質価格を算出します。
• 友だちとの割り勘や、共同購入の精算に最適です。

3. 💎 洗練されたリキッドガラスデザイン
• すりガラスの透明感を取り入れた美しいLiquid Glassデザイン。
• 店舗内で歩きながらでも片手でスムーズに操作できます。
• ダークモード＆ライトモードに完全対応。

4. 🌐 13ヶ国語に対応
• 日本語、英語、タイ語、ラオス語、中国語、韓国語、スペイン語、フランス語、ドイツ語など幅広く対応。

5. ⚡ 完全オフライン対応＆安心のプライバシー
• ネット接続不要でサクサク動作。
• 面倒な会員登録不要、個人情報は一切収集しません。

今すぐSmartSaverをダウンロードして、スマートでお得なお買い物を始めましょう！💡"
ko-KR,SmartSaver: 가격 비교 & 할인 계산,"단위 가격 비교로 최저가를 찾고, 전체 할인액을 비례 배분하여 계산하세요.","SmartSaver는 장볼 때마다 가장 합리적인 소비를 할 수 있도록 도와주는 스마트 쇼핑 계산기입니다!

마트에서 대용량 묶음 상품과 리필용 팩 중 어떤 것이 진짜 더 저렴한지 헷갈리셨나요? 총액 할인 쿠폰을 사용했을 때 각 물건별 실제 결제액이 얼마인지 궁금하셨나요? SmartSaver가 단 몇 초 만에 해결해 드립니다!

✨ 핵심 기능:

1. 🏆 실시간 단위 가격 비교 및 최저가 강조
• 각 제품의 가격과 용량/수량을 입력하세요.
• 단위당 가격을 실시간으로 계산하여 가장 가성비 좋은 최저가 제품을 자동으로 하이라이트합니다.
• 다른 상품 대비 몇 % 절약되는지 한눈에 확인할 수 있습니다.

2. 🏷️ 할인액 비례 배분 계산 (Pro-Rata)
• 각 상품의 원래 정가와 최종 결제 총액을 입력하세요.
• 전체 할인 금액을 상품별 가격 비율에 맞춰 공정하고 정확하게 배분합니다.
• 친구와의 공동구매, 장바구니 정산, 정확한 가계부 작성에 필수적입니다.

3. 💎 미려한 리퀴드 글래스 (Liquid Glass) 디자인
• 현대적이고 부드러운 글래스모피즘 UI로 시각적 피로를 줄였습니다.
• 매장에서 장보며 한 손으로도 편리하게 조작할 수 있습니다.
• 다크 모드 및 라이트 모드를 완벽하게 지원합니다.

4. 🌐 13개 다국어 지원
• 한국어, 영어, 태국어, 라오어, 중국어, 일본어, 스페인어, 프랑스어 등 13개 언어를 지원합니다.

5. ⚡ 100% 오프라인 작동 & 개인정보 안심
• 인터넷 연결 없이도 즉시 실행되며 빠릅니다.
• 불필요한 계정 등록이나 개인정보 수집이 전혀 없습니다.

지금 SmartSaver를 다운로드하고 똑똑하고 알뜰한 쇼핑을 경험해 보세요! 💡"
es-ES,SmartSaver: Comparar Precios,"Compara precios unitarios, elige el más barato y reparte descuentos pro-rata.","¡SmartSaver es tu asistente de compras inteligente que te ayuda a tomar las mejores decisiones y ahorrar dinero todos los días!

¿Alguna vez te has preguntado en el supermercado si conviene más la botella grande o el paquete familiar? ¿O has usado un cupón de descuento y no sabes cuánto costó en realidad cada producto? ¡SmartSaver te da la respuesta al instante!

✨ Funciones destacadas:

1. 🏆 Comparador de precios unitarios en tiempo real
• Ingresa el precio y la cantidad/peso de cada artículo.
• La app calcula el precio unitario y resalta automáticamente la opción más barata y conveniente.
• Muestra el porcentaje exacto que ahorras en comparación con los demás.

2. 🏷️ Distribución proporcional de descuentos (Pro-Rata)
• Introduce el precio de lista de cada producto y el total neto pagado.
• La aplicación reparte el descuento de forma justa y equitativa entre todos los productos.
• Ideal para compras compartidas, dividir gastos con amigos o controlar tu presupuesto.

3. 💎 Diseño Liquid Glass elegante y moderno
• Interfaz translúcida estilo cristal esmerilado, suave y atractiva.
• Diseñada ergonómicamente para un uso rápido con una sola mano.
• Compatible con Modo Oscuro y Modo Claro.

4. 🌐 Compatible con 13 idiomas
• Incluye español, inglés, tailandés, laosiano, chino, japonés, francés, alemán, portugués y más.

5. ⚡ 100% Offline y Seguro
• Funciona sin conexión a internet. Sin registros molestos y sin recopilación de datos privados.

¡Descarga SmartSaver hoy mismo y compra siempre al mejor precio! 💡"
fr-FR,SmartSaver: Comparateur Prix,Comparez les prix au kilo/litre et répartissez vos remises au prorata.,"SmartSaver est votre compagnon de shopping intelligent conçu pour vous faire réaliser de vraies économies au quotidien !

Dans les rayons du supermarché, vous hésitez entre le format familial et la recharge ? Vous avez bénéficié d'un bon de réduction global et souhaitez connaître le prix net de chaque article ? SmartSaver calcule tout en quelques secondes !

✨ Fonctionnalités principales :

1. 🏆 Comparaison des prix unitaires en temps réel
• Entrez le prix et la contenance/quantité de chaque produit.
• L'application calcule immédiatement le prix au litre ou au kilo et met en valeur le produit le plus économique.
• Affiche le pourcentage précis d'économie réalisée.

2. 🏷️ Répartition proportionnelle des remises (Au Prorata)
• Saisissez le prix plein de chaque article et le montant total réellement payé.
• Répartit équitablement le rabais proportionnellement au prix de chaque article.
• Idéal pour partager une facture entre amis, des achats groupés ou gérer vos dépenses.

3. 💎 Design moderne en Verre Liquide (Liquid Glass)
• Interface épurée et moderne avec effets de transparence élégants.
• Ergonomie optimisée pour une utilisation fluide d'une seule main en magasin.
• Prise en charge intégrale du Mode Sombre et du Mode Clair.

4. 🌐 Disponible en 13 langues
• Français, anglais, thaï, laotien, chinois, japonais, espagnol, allemand, portugais, etc.

5. ⚡ 100% Hors-ligne et Respectueux de la vie privée
• Fonctionne sans aucune connexion internet. Aucune donnée personnelle n'est collectée.

Téléchargez SmartSaver dès aujourd'hui et faites des achats malins ! 💡"
de-DE,SmartSaver: Preisvergleich,"Grundpreise vergleichen, beste Wahl finden & Rabatte anteilig berechnen.","SmartSaver ist Ihr intelligenter Einkaufsbegleiter, mit dem Sie bei jedem Einkauf bares Geld sparen!

Stehen Sie im Supermarkt und fragen sich, ob die Großpackung oder das Nachfüllpack günstiger ist? Oder haben Sie einen Rabattgutschein eingelöst und möchten wissen, wie viel jeder Artikel anteilig gekostet hat? SmartSaver liefert die Antwort in Sekundenschnelle!

✨ Hauptfunktionen:

1. 🏆 Echtzeit-Grundpreisvergleich
• Geben Sie Preis und Menge/Gewicht der Produkte ein.
• Die App berechnet sofort den Grundpreis (pro kg/Liter/Stück) und hebt den günstigsten Artikel automatisch hervor.
• Zeigt die prozentuale Ersparnis im Vergleich zu anderen Optionen an.

2. 🏷️ Anteilige Rabattverteilung (Pro-Rata)
• Geben Sie den Originalpreis der Artikel und den tatsächlich gezahlten Gesamtbetrag ein.
• Verteilt den Rabatt fair und proportional auf alle Positionen.
• Perfekt für gemeinsame Einkäufe mit Freunden, WGs oder eine präzise Haushaltsbuchführung.

3. 💎 Modernes Liquid-Glass-Design
• Elegante, moderne Benutzeroberfläche im edlen Glas-Design.
• Optimiert für die schnelle Einhandbedienung direkt im Geschäft.
• Vollständige Unterstützung für Dark Mode und Light Mode.

4. 🌐 13 Sprachen verfügbar
• Deutsch, Englisch, Thailändisch, Laotisch, Chinesisch, Japanisch, Spanisch, Französisch, Portugiesisch usw.

5. ⚡ 100% Offline & Datenschutzfreundlich
• Funktioniert komplett ohne Internetverbindung.
• Keine Registrierung erforderlich, keine Datenspeicherung.

Laden Sie SmartSaver jetzt herunter und kaufen Sie immer zum besten Preis ein! 💡"
pt-BR,SmartSaver: Comparar Preços,"Compare preços unitários, ache a melhor opção e divida descontos pro-rata.","SmartSaver é o seu assistente de compras inteligente para economizar de verdade em todas as suas idas ao supermercado!

Já ficou na dúvida se vale mais a pena levar a embalagem econômica ou o refil? Ou usou um cupom de desconto na compra total e quer saber quanto cada produto custou na realidade? O SmartSaver resolve isso em instantes!

✨ Principais Recursos:

1. 🏆 Comparador de Preço Unitário em Tempo Real
• Digite o preço e a quantidade/peso de cada item.
• O aplicativo calcula o preço por unidade e destaca automaticamente o produto mais barato e vantajoso.
• Informa a porcentagem exata de economia em relação às outras opções.

2. 🏷️ Divisão Proporcional de Descontos (Pro-Rata)
• Insira o valor original de cada produto e o valor total pago após o desconto.
• O sistema calcula e distribui o desconto de forma justa e proporcional em cada item.
• Perfeito para dividir contas com amigos, compras coletivas e controle de gastos.

3. 💎 Design Moderno Liquid Glass
• Interface translúcida sofisticada e agradável aos olhos.
• Desenvolvido para uso rápido e prático com apenas uma mão no mercado.
• Suporte completo aos modos Claro e Escuro (Dark Mode).

4. 🌐 Suporte a 13 Idiomas
• Português, Inglês, Tailandês, Laosiano, Chinês, Japonês, Espanhol, Francês, Alemão e mais.

5. ⚡ 100% Offline e Seguro
• Funciona sem internet. Não exige cadastro e não coleta dados pessoais.

Baixe o SmartSaver hoje mesmo e nunca mais pague a mais nas suas compras! 💡"
id,SmartSaver: Bandingkan Harga,"Bandingkan harga satuan, temukan yang termurah, bagi diskon proporsional.","SmartSaver adalah asisten belanja cerdas yang membantu Anda berhemat setiap kali berbelanja!

Pernah bingung di supermarket apakah kemasan botol besar atau kemasan isi ulang yang lebih murah? Atau mendapatkan kupon potongan harga dan ingin tahu harga bersih setiap barang? SmartSaver memberikan jawabannya dalam hitungan detik!

✨ Fitur Utama:

1. 🏆 Perbandingan Harga Satuan Real-Time
• Masukkan harga dan isi/berat setiap produk.
• Aplikasi langsung menghitung harga per satuan dan menandai barang termurah serta paling hemat.
• Menampilkan persentase penghematan dibandingkan pilihan lainnya.

2. 🏷️ Pembagian Diskon Proporsional (Pro-Rata)
• Masukkan harga asli tiap barang dan total pembayaran akhir yang dibayar.
• Aplikasi membagi diskon secara adil dan proporsional untuk setiap barang.
• Sangat cocok untuk patungan belanja bersama teman atau pembukuan pengeluaran harian.

3. 💎 Desain Liquid Glass yang Menawan
• Tampilan modern bertema frosted glass yang nyaman di mata.
• Dirancang ergonomis agar mudah digunakan dengan satu tangan saat berbelanja.
• Mendukung Mode Gelap (Dark Mode) dan Mode Terang.

4. 🌐 Mendukung 13 Bahasa
• Tersedia dalam Bahasa Indonesia, Inggris, Thailand, Laos, Mandarin, Jepang, Korea, Spanyol, dan lainnya.

5. ⚡ 100% Offline & Privasi Terjaga
• Berfungsi tanpa koneksi internet. Tanpa login akun dan tidak mengumpulkan data pribadi apa pun.

Unduh SmartSaver sekarang dan jadilah pembelanja yang lebih cerdas dan hemat! 💡"
hi-IN,SmartSaver: मूल्य तुलना कैलकु,"प्रति इकाई मूल्य की तुलना करें, सबसे सस्ता विकल्प चुनें और छूट विभाजित करें।","SmartSaver आपका स्मार्ट शॉपिंग साथी है जो हर खरीदारी पर आपके पैसे बचाने में मदद करता है!

सुपरमार्केट में अक्सर यह सवाल उठता है कि बड़ा पैक लेना फ़ायदेमंद है या रीफ़िल पैक? या बिल पर मिली छूट को प्रत्येक वस्तु पर निष्पक्ष रूप से कैसे बांटें? SmartSaver कुछ ही सेकंड में इसका सटीक समाधान देता है!

✨ मुख्य विशेषताएं:

1. 🏆 रीयल-टाइम प्रति इकाई मूल्य तुलना
• प्रत्येक वस्तु की कीमत और मात्रा/वजन दर्ज करें।
• ऐप तुरंत प्रति इकाई मूल्य की गणना करता है और सबसे किफायती (सबसे सस्ती) वस्तु को स्वचालित रूप से हाइलाइट करता है।
• अन्य विकल्पों की तुलना में सटीक बचत प्रतिशत प्रदर्शित करता है।

2. 🏷️ छूट का आनुपातिक विभाजन (Pro-Rata)
• प्रत्येक वस्तु का मूल मूल्य और छूट के बाद चुकाई गई कुल राशि दर्ज करें।
• ऐप प्रत्येक वस्तु पर छूट को समानुपातिक रूप से बांटकर वास्तविक भुगतान मूल्य निकालता है।
• दोस्तों के साथ बिल साझा करने या घर के बजट को सटीक रखने के लिए अत्यंत उपयोगी।

3. 💎 सुंदर लिक्विड ग्लास (Liquid Glass) डिज़ाइन
• आधुनिक और आकर्षक फ्रॉस्टेड ग्लास इंटरफ़ेस जो उपयोग में बेहद आसान है।
• खरीदारी करते समय एक हाथ से उपयोग के लिए अनुकूलित।
• डार्क मोड और लाइट मोड दोनों का पूर्ण समर्थन।

4. 🌐 13 भाषाओं में उपलब्ध
• हिन्दी, अंग्रेज़ी, थाई, लाओ, चीनी, जापानी, कोरियाई, स्पैनिश, फ़्रेंच आदि का समर्थन।

5. ⚡ 100% ऑफ़लाइन और सुरक्षित
• इंटरनेट कनेक्शन के बिना काम करता है। कोई व्यक्तिगत डेटा एकत्र नहीं किया जाता।

आज ही SmartSaver डाउनलोड करें और अपनी हर खरीदारी को समझदारी भरी बनाएं! 💡"
ar,SmartSaver: مقارنة الأسعار,قارن أسعار المنتجات واختر الأوفر، واحسب توزيع الخصومات بالتناسب بدقة.,"تطبيق SmartSaver هو رفيقك الذكي في التسوق لمساعدتك على توفير المال في كل مرة تتسوق فيها!

هل تساءلت يوماً في السوبرماركت أي العبوات أوفر حقاً، العبوة العائلية الكبيرة أم العبوة الاقتصادية؟ أو حصلت على خصم إجمالي وترغب في معرفة السعر الفعلي لكل سلعة بعد الخصم؟ تطبيق SmartSaver يمنحك الإجابة الدقيقة في ثوانٍ معدودة!

✨ أبرズ الميزات:

1. 🏆 مقارنة أسعار الوحدات في الوقت الفعلي
• أدخل سعر وكمية أو وزن كل منتج.
• يقوم التطبيق فوراً بحساب سعر الوحدة ويحدد تلقائياً الخيار الأرخص والأوفر قيمة.
• يوضح لك نسبة التوفير المئوية مقارنة بالخيارات الأخرى.

2. 🏷️ توزيع الخصومات بالتناسب بدقة (Pro-Rata)
• أدخل السعر الأصلي لكل منتج والمبلغ الإجمالي المدفوع بعد الخصم.
• يقوم التطبيق بتوزيع الخصم بنسب عادلة ودقيقة على كافة المنتجات.
• مثالي لتقاسم الفواتير مع الأصدقاء أو حساب التكاليف الحقيقية لكل صنف.

3. 💎 تصميم زجاجي عصري (Liquid Glass)
• واجهة عصرية أنيقة ومريحة للعين مستوحاة من الزجاج المصنفر.
• تصميم مريح يسهل استخدامه بيد واحدة أثناء التجول في المتجر.
• دعم كامل للوضع الداكن (Dark Mode) والوضع الفاتح.

4. 🌐 دعم 13 لغة عالمية
• يدعم اللغة العربية مع اتجاه القراءة من اليمين إلى اليسار (RTL)، والإنجليزية، والتايلاندية، واللاوسية، وغيرها.

5. ⚡ يعمل بدون إنترنت 100% مع خصوصية تامة
• يعمل بسرعة فائقة دون الحاجة إلى اتصال بالإنترنت. لا يتطلب تسجيل دخول ولا يجمع أي بيانات شخصية.

حمّل تطبيق SmartSaver اليوم واجعل كل مشترياتك أكثر ذكاءً وتوفيراً! 💡"
